Time[s],Packet,Type,Identifier,Control,Data,CRC,ACK,RealTime
'0.000119300000000','0','DATA','0x00000141','0x8','0x010x020x030x040x050x060x070x08','0x54AA','ACK','1645191933.144914'
'0.000427300000000','1','REMOTE','0x07B','0x0','','0x6895','ACK','1645191933.144914'
'0.000474300000000','2','REMOTE','0x00000141','0x0','','0x35BB','ACK','1645191933.144914'
'0.000644300000000','3','DATA','0x07B','0x8','0x020x030x040x050x060x070x080x09','0x7C55','ACK','1645191933.144914'
'0.000762300000000','4','DATA','0x00000141','0x8','0x020x030x040x050x060x070x080x09','0x1B84','ACK','1645191933.144914'
'0.001069300000000','5','REMOTE','0x07B','0x0','','0x6895','ACK','1645191933.144914'
'0.001116300000000','6','REMOTE','0x00000141','0x0','','0x35BB','ACK','1645191933.144914'
'0.001286300000000','7','DATA','0x07B','0x8','0x030x040x050x060x070x080x090x0A','0x4962','ACK','1645191933.144914'
'0.001402300000000','8','DATA','0x00000141','0x8','0x030x040x050x060x070x080x090x0A','0x2EB3','ACK','1645191933.144914'
'0.001707300000000','9','REMOTE','0x07B','0x0','','0x6895','ACK','1645191933.144914'
'0.001754300000000','10','REMOTE','0x00000141','0x0','','0x35BB','ACK','1645191933.144914'
'0.001924300000000','11','DATA','0x07B','0x8','0x040x050x060x070x080x090x0A0x0B','0x02E2','ACK','1645191933.144914'
'0.002041300000000','12','DATA','0x00000141','0x8','0x040x050x060x070x080x090x0A0x0B','0x6533','ACK','1645191933.144914'
'0.002345300000000','13','REMOTE','0x07B','0x0','','0x6895','ACK','1645191933.144914'
'0.002392300000000','14','REMOTE','0x00000141','0x0','','0x35BB','ACK','1645191933.144914'
'0.002562300000000','15','DATA','0x07B','0x8','0x050x060x070x080x090x0A0x0B0x0C','0x1865','ACK','1645191933.144914'
'0.002677300000000','16','DATA','0x00000141','0x8','0x050x060x070x080x090x0A0x0B0x0C','0x7FB4','ACK','1645191933.144914'
'0.002981300000000','17','REMOTE','0x07B','0x0','','0x6895','ACK','1645191933.144914'
'0.003028300000000','18','REMOTE','0x00000141','0x0','','0x35BB','ACK','1645191933.144914'
'0.003198300000000','19','DATA','0x07B','0x8','0x060x070x080x090x0A0x0B0x0C0x0D','0x1A4D','ACK','1645191933.144914'
'0.003313300000000','20','DATA','0x00000141','0x8','0x060x070x080x090x0A0x0B0x0C0x0D','0x7D9C','ACK','1645191933.144914'
'0.003616300000000','21','REMOTE','0x07B','0x0','','0x6895','ACK','1645191933.144914'
'0.003663300000000','22','REMOTE','0x00000141','0x0','','0x35BB','ACK','1645191933.144914'
'0.003833300000000','23','DATA','0x07B','0x8','0x070x080x090x0A0x0B0x0C0x0D0x0E','0x1C52','ACK','1645191933.144914'
'0.003947300000000','24','DATA','0x00000141','0x8','0x070x080x090x0A0x0B0x0C0x0D0x0E','0x7B83','ACK','1645191933.144914'
'0.004249300000000','25','REMOTE','0x07B','0x0','','0x6895','ACK','1645191933.144914'
'0.004296300000000','26','REMOTE','0x00000141','0x0','','0x35BB','ACK','1645191933.144914'
'0.004466300000000','27','DATA','0x07B','0x8','0x080x090x0A0x0B0x0C0x0D0x0E0x0F','0x415D','ACK','1645191933.144914'
'0.004583300000000','28','DATA','0x00000141','0x8','0x080x090x0A0x0B0x0C0x0D0x0E0x0F','0x268C','ACK','1645191933.144914'
'0.004889300000000','29','REMOTE','0x07B','0x0','','0x6895','ACK','1645191933.144914'
'0.004936300000000','30','REMOTE','0x00000141','0x0','','0x35BB','ACK','1645191933.144914'
'0.005106300000000','31','DATA','0x07B','0x8','0x090x0A0x0B0x0C0x0D0x0E0x0F0x10','0x2B6E','ACK','1645191933.144914'
'0.005222300000000','32','DATA','0x00000141','0x8','0x090x0A0x0B0x0C0x0D0x0E0x0F0x10','0x4CBF','ACK','1645191933.144914'
'0.005525300000000','33','REMOTE','0x07B','0x0','','0x6895','ACK','1645191933.144914'
'0.005572300000000','34','REMOTE','0x00000141','0x0','','0x35BB','ACK','1645191933.144914'
'0.005742300000000','35','DATA','0x07B','0x8','0x0A0x0B0x0C0x0D0x0E0x0F0x100x11','0x5227','ACK','1645191933.144914'
'0.005858300000000','36','DATA','0x00000141','0x8','0x0A0x0B0x0C0x0D0x0E0x0F0x100x11','0x35F6','ACK','1645191933.144914'
'0.006163300000000','37','REMOTE','0x07B','0x0','','0x6895','ACK','1645191933.144914'
'0.006210300000000','38','REMOTE','0x00000141','0x0','','0x35BB','ACK','1645191933.144914'
'0.006380300000000','39','DATA','0x07B','0x8','0x0B0x0C0x0D0x0E0x0F0x100x110x12','0x0433','ACK','1645191933.144914'
'0.006496300000000','40','DATA','0x00000141','0x8','0x0B0x0C0x0D0x0E0x0F0x100x110x12','0x63E2','ACK','1645191933.144914'
'0.006800300000000','41','REMOTE','0x07B','0x0','','0x6895','ACK','1645191933.144914'
'0.006847300000000','42','REMOTE','0x00000141','0x0','','0x35BB','ACK','1645191933.144914'
'0.007017300000000','43','DATA','0x07B','0x8','0x0C0x0D0x0E0x0F0x100x110x120x13','0x2B01','ACK','1645191933.144914'
'0.007133300000000','44','DATA','0x00000141','0x8','0x0C0x0D0x0E0x0F0x100x110x120x13','0x4CD0','ACK','1645191933.144914'
'0.007435300000000','45','REMOTE','0x07B','0x0','','0x6895','ACK','1645191933.144914'
'0.007482300000000','46','REMOTE','0x00000141','0x0','','0x35BB','ACK','1645191933.144914'
'0.007652300000000','47','DATA','0x07B','0x8','0x0D0x0E0x0F0x100x110x120x130x14','0x63CE','ACK','1645191933.144914'
'0.007766300000000','48','DATA','0x00000141','0x8','0x0D0x0E0x0F0x100x110x120x130x14','0x041F','ACK','1645191933.144914'
'0.008069300000000','49','REMOTE','0x07B','0x0','','0x6895','ACK','1645191933.144914'
'0.008116300000000','50','REMOTE','0x00000141','0x0','','0x35BB','ACK','1645191933.144914'
'0.008286300000000','51','DATA','0x07B','0x8','0x0E0x0F0x100x110x120x130x140x15','0x0814','ACK','1645191933.144914'
'0.008402300000000','52','DATA','0x00000141','0x8','0x0E0x0F0x100x110x120x130x140x15','0x6FC5','ACK','1645191933.144914'
'0.008706300000000','53','REMOTE','0x07B','0x0','','0x6895','ACK','1645191933.144914'
'0.008753300000000','54','REMOTE','0x00000141','0x0','','0x35BB','ACK','1645191933.144914'
'0.008923300000000','55','DATA','0x07B','0x8','0x0F0x100x110x120x130x140x150x16','0x0B78','ACK','1645191933.144914'
'0.009036300000000','56','DATA','0x00000141','0x8','0x0F0x100x110x120x130x140x150x16','0x6CA9','ACK','1645191933.144914'
'0.009334300000000','57','REMOTE','0x07B','0x0','','0x6895','ACK','1645191933.144914'
'0.009381300000000','58','REMOTE','0x00000141','0x0','','0x35BB','ACK','1645191933.144914'
'0.009551300000000','59','DATA','0x07B','0x8','0x100x110x120x130x140x150x160x17','0x1FDB','ACK','1645191933.1459131'
'0.009665300000000','60','DATA','0x00000141','0x8','0x100x110x120x130x140x150x160x17','0x780A','ACK','1645191933.1459131'
'0.009965300000000','61','REMOTE','0x07B','0x0','','0x6895','ACK','1645191933.1459131'
'0.010012300000000','62','REMOTE','0x00000141','0x0','','0x35BB','ACK','1645191933.1459131'
'0.010182300000000','63','DATA','0x07B','0x8','0x110x120x130x140x150x160x170x18','0x587F','ACK','1645191933.1459131'
'0.010295300000000','64','DATA','0x00000141','0x8','0x110x120x130x140x150x160x170x18','0x3FAE','ACK','1645191933.1459131'
'0.010594300000000','65','REMOTE','0x07B','0x0','','0x6895','ACK','1645191933.1459131'
'0.010641300000000','66','REMOTE','0x00000141','0x0','','0x35BB','ACK','1645191933.1459131'
'0.010811300000000','67','DATA','0x07B','0x8','0x120x130x140x150x160x170x180x19','0x1751','ACK','1645191933.1459131'
'0.010924300000000','68','DATA','0x00000141','0x8','0x120x130x140x150x160x170x180x19','0x7080','ACK','1645191933.1459131'
'0.011223300000000','69','REMOTE','0x07B','0x0','','0x6895','ACK','1645191933.1459131'
'0.011270300000000','70','REMOTE','0x00000141','0x0','','0x35BB','ACK','1645191933.1459131'
'0.011440300000000','71','DATA','0x07B','0x8','0x130x140x150x160x170x180x190x1A','0x2266','ACK','1645191933.1459131'
'0.011553300000000','72','DATA','0x00000141','0x8','0x130x140x150x160x170x180x190x1A','0x45B7','ACK','1645191933.1459131'
'0.011851300000000','73','REMOTE','0x07B','0x0','','0x6895','ACK','1645191933.1459131'
'0.011898300000000','74','REMOTE','0x00000141','0x0','','0x35BB','ACK','1645191933.1459131'
'0.012068300000000','75','DATA','0x07B','0x8','0x140x150x160x170x180x190x1A0x1B','0x69E6','ACK','1645191933.1459131'
'0.012181300000000','76','DATA','0x00000141','0x8','0x140x150x160x170x180x190x1A0x1B','0x0E37','ACK','1645191933.1459131'
'0.012480300000000','77','REMOTE','0x07B','0x0','','0x6895','ACK','1645191933.1459131'
'0.012527300000000','78','REMOTE','0x00000141','0x0','','0x35BB','ACK','1645191933.1459131'
'0.012697300000000','79','DATA','0x07B','0x8','0x150x160x170x180x190x1A0x1B0x1C','0x7361','ACK','1645191933.1459131'
'0.012809300000000','80','DATA','0x00000141','0x8','0x150x160x170x180x190x1A0x1B0x1C','0x14B0','ACK','1645191933.1459131'
'0.013105300000000','81','REMOTE','0x07B','0x0','','0x6895','ACK','1645191933.1459131'
'0.013152300000000','82','REMOTE','0x00000141','0x0','','0x35BB','ACK','1645191933.1459131'
'0.013322300000000','83','DATA','0x07B','0x8','0x160x170x180x190x1A0x1B0x1C0x1D','0x7149','ACK','1645191933.1459131'
'0.013435300000000','84','DATA','0x00000141','0x8','0x160x170x180x190x1A0x1B0x1C0x1D','0x1698','ACK','1645191933.1459131'
'0.013734300000000','85','REMOTE','0x07B','0x0','','0x6895','ACK','1645191933.1459131'
'0.013781300000000','86','REMOTE','0x00000141','0x0','','0x35BB','ACK','1645191933.1459131'
'0.013951300000000','87','DATA','0x07B','0x8','0x170x180x190x1A0x1B0x1C0x1D0x1E','0x7756','ACK','1645191933.1459131'
'0.014064300000000','88','DATA','0x00000141','0x8','0x170x180x190x1A0x1B0x1C0x1D0x1E','0x1087','ACK','1645191933.1459131'
'0.014362300000000','89','REMOTE','0x07B','0x0','','0x6895','ACK','1645191933.1459131'
'0.014409300000000','90','REMOTE','0x00000141','0x0','','0x35BB','ACK','1645191933.1459131'
'0.014579300000000','91','DATA','0x07B','0x8','0x180x190x1A0x1B0x1C0x1D0x1E0x1F','0x2A59','ACK','1645191933.1459131'
'0.014693300000000','92','DATA','0x00000141','0x8','0x180x190x1A0x1B0x1C0x1D0x1E0x1F','0x4D88','ACK','1645191933.1459131'
'0.014993300000000','93','REMOTE','0x07B','0x0','','0x6895','ACK','1645191933.1459131'
'0.015040300000000','94','REMOTE','0x00000141','0x0','','0x35BB','ACK','1645191933.1459131'
'0.015210300000000','95','DATA','0x07B','0x8','0x190x1A0x1B0x1C0x1D0x1E0x1F0x20','0x1B44','ACK','1645191933.1459131'
'0.015324300000000','96','DATA','0x00000141','0x8','0x190x1A0x1B0x1C0x1D0x1E0x1F0x20','0x7C95','ACK','1645191933.1459131'
'0.015625300000000','97','REMOTE','0x07B','0x0','','0x6895','ACK','1645191933.1459131'
'0.015672300000000','98','REMOTE','0x00000141','0x0','','0x35BB','ACK','1645191933.1459131'
'0.015842300000000','99','DATA','0x07B','0x8','0x1A0x1B0x1C0x1D0x1E0x1F0x200x21','0x0EC3','ACK','1645191933.1459131'
'0.015956300000000','100','DATA','0x00000141','0x8','0x1A0x1B0x1C0x1D0x1E0x1F0x200x21','0x6912','ACK','1645191933.1459131'
'0.016256300000000','101','REMOTE','0x07B','0x0','','0x6895','ACK','1645191933.1459131'
'0.016303300000000','102','REMOTE','0x00000141','0x0','','0x35BB','ACK','1645191933.1459131'
'0.016473300000000','103','DATA','0x07B','0x8','0x1B0x1C0x1D0x1E0x1F0x200x210x22','0x5B08','ACK','1645191933.1459131'
'0.016587300000000','104','DATA','0x00000141','0x8','0x1B0x1C0x1D0x1E0x1F0x200x210x22','0x3CD9','ACK','1645191933.1459131'
'0.016887300000000','105','REMOTE','0x07B','0x0','','0x6895','ACK','1645191933.1459131'
'0.016934300000000','106','REMOTE','0x00000141','0x0','','0x35BB','ACK','1645191933.1459131'
'0.017104300000000','107','DATA','0x07B','0x8','0x1C0x1D0x1E0x1F0x200x210x220x23','0x78C7','ACK','1645191933.1459131'
'0.017219300000000','108','DATA','0x00000141','0x8','0x1C0x1D0x1E0x1F0x200x210x220x23','0x1F16','ACK','1645191933.1459131'
'0.017521300000000','109','REMOTE','0x07B','0x0','','0x6895','ACK','1645191933.1459131'
'0.017568300000000','110','REMOTE','0x00000141','0x0','','0x35BB','ACK','1645191933.1459131'
'0.017738300000000','111','DATA','0x07B','0x8','0x1D0x1E0x1F0x200x210x220x230x24','0x5101','ACK','1645191933.1459131'
'0.017852300000000','112','DATA','0x00000141','0x8','0x1D0x1E0x1F0x200x210x220x230x24','0x36D0','ACK','1645191933.1459131'
'0.018151300000000','113','REMOTE','0x07B','0x0','','0x6895','ACK','1645191933.1459131'
'0.018198300000000','114','REMOTE','0x00000141','0x0','','0x35BB','ACK','1645191933.1459131'
'0.018368300000000','115','DATA','0x07B','0x8','0x1E0x1F0x200x210x220x230x240x25','0x2CA6','ACK','1645191933.1459131'
'0.018481300000000','116','DATA','0x00000141','0x8','0x1E0x1F0x200x210x220x230x240x25','0x4B77','ACK','1645191933.1459131'
'0.018780300000000','117','REMOTE','0x07B','0x0','','0x6895','ACK','1645191933.1459131'
'0.018827300000000','118','REMOTE','0x00000141','0x0','','0x35BB','ACK','1645191933.1459131'
'0.018997300000000','119','DATA','0x07B','0x8','0x1F0x200x210x220x230x240x250x26','0x252C','ACK','1645191933.1459131'
'0.019110300000000','120','DATA','0x00000141','0x8','0x1F0x200x210x220x230x240x250x26','0x42FD','ACK','1645191933.1459131'
'0.019410300000000','121','REMOTE','0x07B','0x0','','0x6895','ACK','1645191933.1459131'
'0.019457300000000','122','REMOTE','0x00000141','0x0','','0x35BB','ACK','1645191933.1459131'
'0.019627300000000','123','DATA','0x07B','0x8','0x200x210x220x230x240x250x260x27','0x674E','ACK','1645191933.1459131'
'0.019740300000000','124','DATA','0x00000141','0x8','0x200x210x220x230x240x250x260x27','0x009F','NAK','1645191933.1459131'
'0.020037300000000','125','REMOTE','0x07B','0x0','','0x6895','ACK','1645191933.1459131'
'0.020084300000000','126','REMOTE','0x00000141','0x0','','0x35BB','ACK','1645191933.1459131'
'0.020254300000000','127','DATA','0x07B','0x8','0x210x220x230x240x250x260x270x28','0x20EA','ACK','1645191933.1459131'
'0.020366300000000','128','DATA','0x00000141','0x8','0x210x220x230x240x250x260x270x28','0x473B','ACK','1645191933.1459131'
'0.020661300000000','129','REMOTE','0x07B','0x0','','0x6895','ACK','1645191933.1459131'
'0.020708300000000','130','REMOTE','0x00000141','0x0','','0x35BB','ACK','1645191933.1459131'
'0.020878300000000','131','DATA','0x07B','0x8','0x220x230x240x250x260x270x280x29','0x6FC4','ACK','1645191933.1459131'
'0.020991300000000','132','DATA','0x00000141','0x8','0x220x230x240x250x260x270x280x29','0x0815','ACK','1645191933.1459131'
'0.021288300000000','133','REMOTE','0x07B','0x0','','0x6895','ACK','1645191933.1459131'
'0.021335300000000','134','REMOTE','0x00000141','0x0','','0x35BB','ACK','1645191933.1459131'
'0.021505300000000','135','DATA','0x07B','0x8','0x230x240x250x260x270x280x290x2A','0x5AF3','ACK','1645191933.1459131'
'0.021617300000000','136','DATA','0x00000141','0x8','0x230x240x250x260x270x280x290x2A','0x3D22','ACK','1645191933.1459131'
'0.021913300000000','137','REMOTE','0x07B','0x0','','0x6895','ACK','1645191933.1459131'
'0.021960300000000','138','REMOTE','0x00000141','0x0','','0x35BB','ACK','1645191933.1459131'
'0.022130300000000','139','DATA','0x07B','0x8','0x240x250x260x270x280x290x2A0x2B','0x1173','ACK','1645191933.1459131'
'0.022242300000000','140','DATA','0x00000141','0x8','0x240x250x260x270x280x290x2A0x2B','0x76A2','ACK','1645191933.1459131'
'0.022540300000000','141','REMOTE','0x07B','0x0','','0x6895','ACK','1645191933.1459131'
'0.022587300000000','142','REMOTE','0x00000141','0x0','','0x35BB','ACK','1645191933.1459131'
'0.022757300000000','143','DATA','0x07B','0x8','0x250x260x270x280x290x2A0x2B0x2C','0x0BF4','ACK','1645191933.1459131'
'0.022871300000000','144','DATA','0x00000141','0x8','0x250x260x270x280x290x2A0x2B0x2C','0x6C25','ACK','1645191933.1459131'
'0.023167300000000','145','REMOTE','0x07B','0x0','','0x6895','ACK','1645191933.146913'
'0.023214300000000','146','REMOTE','0x00000141','0x0','','0x35BB','ACK','1645191933.146913'
'0.023384300000000','147','DATA','0x07B','0x8','0x260x270x280x290x2A0x2B0x2C0x2D','0x09DC','ACK','1645191933.146913'
'0.023496300000000','148','DATA','0x00000141','0x8','0x260x270x280x290x2A0x2B0x2C0x2D','0x6E0D','ACK','1645191933.146913'
'0.023794300000000','149','REMOTE','0x07B','0x0','','0x6895','ACK','1645191933.146913'
'0.023841300000000','150','REMOTE','0x00000141','0x0','','0x35BB','ACK','1645191933.146913'
'0.024011300000000','151','DATA','0x07B','0x8','0x270x280x290x2A0x2B0x2C0x2D0x2E','0x0FC3','ACK','1645191933.146913'
'0.024124300000000','152','DATA','0x00000141','0x8','0x270x280x290x2A0x2B0x2C0x2D0x2E','0x6812','ACK','1645191933.146913'
'0.024421300000000','153','REMOTE','0x07B','0x0','','0x6895','ACK','1645191933.146913'
'0.024468300000000','154','REMOTE','0x00000141','0x0','','0x35BB','ACK','1645191933.146913'
'0.024638300000000','155','DATA','0x07B','0x8','0x280x290x2A0x2B0x2C0x2D0x2E0x2F','0x52CC','ACK','1645191933.146913'
'0.024751300000000','156','DATA','0x00000141','0x8','0x280x290x2A0x2B0x2C0x2D0x2E0x2F','0x351D','ACK','1645191933.146913'
'0.025047300000000','157','REMOTE','0x07B','0x0','','0x6895','ACK','1645191933.146913'
'0.025094300000000','158','REMOTE','0x00000141','0x0','','0x35BB','ACK','1645191933.146913'
'0.025264300000000','159','DATA','0x07B','0x8','0x290x2A0x2B0x2C0x2D0x2E0x2F0x30','0x38FF','ACK','1645191933.146913'
'0.025377300000000','160','DATA','0x00000141','0x8','0x290x2A0x2B0x2C0x2D0x2E0x2F0x30','0x5F2E','ACK','1645191933.146913'
'0.025674300000000','161','REMOTE','0x07B','0x0','','0x6895','ACK','1645191933.146913'
'0.025721300000000','162','REMOTE','0x00000141','0x0','','0x35BB','ACK','1645191933.146913'
'0.025891300000000','163','DATA','0x07B','0x8','0x2A0x2B0x2C0x2D0x2E0x2F0x300x31','0x41B6','ACK','1645191933.146913'
'0.026004300000000','164','DATA','0x00000141','0x8','0x2A0x2B0x2C0x2D0x2E0x2F0x300x31','0x2667','ACK','1645191933.146913'
'0.026301300000000','165','REMOTE','0x07B','0x0','','0x6895','ACK','1645191933.146913'
'0.026348300000000','166','REMOTE','0x00000141','0x0','','0x35BB','ACK','1645191933.146913'
'0.026518300000000','167','DATA','0x07B','0x8','0x2B0x2C0x2D0x2E0x2F0x300x310x32','0x17A2','ACK','1645191933.146913'
'0.026630300000000','168','DATA','0x00000141','0x8','0x2B0x2C0x2D0x2E0x2F0x300x310x32','0x7073','ACK','1645191933.146913'
'0.026927300000000','169','REMOTE','0x07B','0x0','','0x6895','ACK','1645191933.146913'
'0.026974300000000','170','REMOTE','0x00000141','0x0','','0x35BB','ACK','1645191933.146913'
'0.027144300000000','171','DATA','0x07B','0x8','0x2C0x2D0x2E0x2F0x300x310x320x33','0x3890','ACK','1645191933.146913'
'0.027256300000000','172','DATA','0x00000141','0x8','0x2C0x2D0x2E0x2F0x300x310x320x33','0x5F41','ACK','1645191933.146913'
'0.027556300000000','173','REMOTE','0x07B','0x0','','0x6895','ACK','1645191933.146913'
'0.027603300000000','174','REMOTE','0x00000141','0x0','','0x35BB','ACK','1645191933.146913'
'0.027773300000000','175','DATA','0x07B','0x8','0x2D0x2E0x2F0x300x310x320x330x34','0x705F','NAK','1645191933.146913'
'0.027886300000000','176','DATA','0x00000141','0x8','0x2D0x2E0x2F0x300x310x320x330x34','0x178E','ACK','1645191933.146913'
'0.028183300000000','177','REMOTE','0x07B','0x0','','0x6895','ACK','1645191933.146913'
'0.028230300000000','178','REMOTE','0x00000141','0x0','','0x35BB','ACK','1645191933.146913'
'0.028400300000000','179','DATA','0x07B','0x8','0x2E0x2F0x300x310x320x330x340x35','0x1B85','ACK','1645191933.146913'
'0.028512300000000','180','DATA','0x00000141','0x8','0x2E0x2F0x300x310x320x330x340x35','0x7C54','ACK','1645191933.146913'
'0.028809300000000','181','REMOTE','0x07B','0x0','','0x6895','ACK','1645191933.146913'
'0.028856300000000','182','REMOTE','0x00000141','0x0','','0x35BB','ACK','1645191933.146913'
'0.029026300000000','183','DATA','0x07B','0x8','0x2F0x300x310x320x330x340x350x36','0x18E9','ACK','1645191933.146913'
'0.029138300000000','184','DATA','0x00000141','0x8','0x2F0x300x310x320x330x340x350x36','0x7F38','ACK','1645191933.146913'
'0.029436300000000','185','REMOTE','0x07B','0x0','','0x6895','ACK','1645191933.146913'
'0.029483300000000','186','REMOTE','0x00000141','0x0','','0x35BB','ACK','1645191933.146913'
'0.029653300000000','187','DATA','0x07B','0x8','0x300x310x320x330x340x350x360x37','0x0C4A','ACK','1645191933.146913'
'0.029765300000000','188','DATA','0x00000141','0x8','0x300x310x320x330x340x350x360x37','0x6B9B','ACK','1645191933.146913'
'0.030063300000000','189','REMOTE','0x07B','0x0','','0x6895','ACK','1645191933.146913'
'0.030110300000000','190','REMOTE','0x00000141','0x0','','0x35BB','ACK','1645191933.146913'
'0.030280300000000','191','DATA','0x07B','0x8','0x310x320x330x340x350x360x370x38','0x4BEE','ACK','1645191933.146913'
'0.030392300000000','192','DATA','0x00000141','0x8','0x310x320x330x340x350x360x370x38','0x2C3F','ACK','1645191933.146913'
'0.030688300000000','193','REMOTE','0x07B','0x0','','0x6895','ACK','1645191933.146913'
'0.030735300000000','194','REMOTE','0x00000141','0x0','','0x35BB','ACK','1645191933.146913'
'0.030905300000000','195','DATA','0x07B','0x8','0x320x330x340x350x360x370x380x39','0x04C0','ACK','1645191933.146913'
'0.031018300000000','196','DATA','0x00000141','0x8','0x320x330x340x350x360x370x380x39','0x6311','ACK','1645191933.146913'
'0.031315300000000','197','REMOTE','0x07B','0x0','','0x6895','ACK','1645191933.146913'
'0.031362300000000','198','REMOTE','0x00000141','0x0','','0x35BB','ACK','1645191933.146913'
'0.031532300000000','199','DATA','0x07B','0x8','0x330x340x350x360x370x380x390x3A','0x31F7','ACK','1645191933.146913'
'0.031645300000000','200','DATA','0x00000141','0x8','0x330x340x350x360x370x380x390x3A','0x5626','ACK','1645191933.146913'
'0.031942300000000','201','REMOTE','0x07B','0x0','','0x6895','ACK','1645191933.146913'
'0.031989300000000','202','REMOTE','0x00000141','0x0','','0x35BB','ACK','1645191933.146913'
'0.032159300000000','203','DATA','0x07B','0x8','0x340x350x360x370x380x390x3A0x3B','0x7A77','ACK','1645191933.146913'
'0.032272300000000','204','DATA','0x00000141','0x8','0x340x350x360x370x380x390x3A0x3B','0x1DA6','ACK','1645191933.146913'
'0.032568300000000','205','REMOTE','0x07B','0x0','','0x6895','ACK','1645191933.146913'
'0.032615300000000','206','REMOTE','0x00000141','0x0','','0x35BB','ACK','1645191933.146913'
'0.032785300000000','207','DATA','0x07B','0x8','0x350x360x370x380x390x3A0x3B0x3C','0x60F0','NAK','1645191933.146913'
'0.032899300000000','208','DATA','0x00000141','0x8','0x350x360x370x380x390x3A0x3B0x3C','0x0721','ACK','1645191933.146913'
'0.033197300000000','209','REMOTE','0x07B','0x0','','0x6895','ACK','1645191933.146913'
'0.033244300000000','210','REMOTE','0x00000141','0x0','','0x35BB','ACK','1645191933.146913'
'0.033414300000000','211','DATA','0x07B','0x8','0x360x370x380x390x3A0x3B0x3C0x3D','0x62D8','ACK','1645191933.146913'
'0.033526300000000','212','DATA','0x00000141','0x8','0x360x370x380x390x3A0x3B0x3C0x3D','0x0509','ACK','1645191933.146913'
'0.033822300000000','213','REMOTE','0x07B','0x0','','0x6895','ACK','1645191933.146913'
'0.033869300000000','214','REMOTE','0x00000141','0x0','','0x35BB','ACK','1645191933.146913'
'0.034039300000000','215','DATA','0x07B','0x8','0x370x380x390x3A0x3B0x3C0x3D0x3E','0x64C7','ACK','1645191933.146913'
'0.034152300000000','216','DATA','0x00000141','0x8','0x370x380x390x3A0x3B0x3C0x3D0x3E','0x0316','ACK','1645191933.146913'
'0.034452300000000','217','REMOTE','0x07B','0x0','','0x6895','ACK','1645191933.146913'
'0.034499300000000','218','REMOTE','0x00000141','0x0','','0x35BB','ACK','1645191933.146913'
'0.034669300000000','219','DATA','0x07B','0x8','0x380x390x3A0x3B0x3C0x3D0x3E0x3F','0x39C8','ACK','1645191933.146913'
'0.034783300000000','220','DATA','0x00000141','0x8','0x380x390x3A0x3B0x3C0x3D0x3E0x3F','0x5E19','ACK','1645191933.146913'
'0.035085300000000','221','REMOTE','0x07B','0x0','','0x6895','ACK','1645191933.146913'
'0.035132300000000','222','REMOTE','0x00000141','0x0','','0x35BB','ACK','1645191933.146913'
'0.035302300000000','223','DATA','0x07B','0x8','0x390x3A0x3B0x3C0x3D0x3E0x3F0x40','0x7B10','ACK','1645191933.146913'
'0.035416300000000','224','DATA','0x00000141','0x8','0x390x3A0x3B0x3C0x3D0x3E0x3F0x40','0x1CC1','ACK','1645191933.147913'
'0.035717300000000','225','REMOTE','0x07B','0x0','','0x6895','ACK','1645191933.147913'
'0.035764300000000','226','REMOTE','0x00000141','0x0','','0x35BB','ACK','1645191933.147913'
'0.035934300000000','227','DATA','0x07B','0x8','0x3A0x3B0x3C0x3D0x3E0x3F0x400x41','0x7292','ACK','1645191933.147913'
'0.036050300000000','228','DATA','0x00000141','0x8','0x3A0x3B0x3C0x3D0x3E0x3F0x400x41','0x1543','ACK','1645191933.147913'
'0.036352300000000','229','REMOTE','0x07B','0x0','','0x6895','ACK','1645191933.147913'
'0.036399300000000','230','REMOTE','0x00000141','0x0','','0x35BB','ACK','1645191933.147913'
'0.036569300000000','231','DATA','0x07B','0x8','0x3B0x3C0x3D0x3E0x3F0x400x410x42','0x20E7','ACK','1645191933.147913'
'0.036685300000000','232','DATA','0x00000141','0x8','0x3B0x3C0x3D0x3E0x3F0x400x410x42','0x4736','ACK','1645191933.147913'
'0.036988300000000','233','REMOTE','0x07B','0x0','','0x6895','ACK','1645191933.147913'
'0.037035300000000','234','REMOTE','0x00000141','0x0','','0x35BB','ACK','1645191933.147913'
'0.037205300000000','235','DATA','0x07B','0x8','0x3C0x3D0x3E0x3F0x400x410x420x43','0x1AD2','ACK','1645191933.147913'
'0.037323300000000','236','DATA','0x00000141','0x8','0x3C0x3D0x3E0x3F0x400x410x420x43','0x7D03','ACK','1645191933.147913'
'0.037633300000000','237','REMOTE','0x07B','0x0','','0x6895','ACK','1645191933.147913'
'0.037680300000000','238','REMOTE','0x00000141','0x0','','0x35BB','ACK','1645191933.147913'
'0.037850300000000','239','DATA','0x07B','0x8','0x3D0x3E0x3F0x400x410x420x430x44','0x349F','NAK','1645191933.147913'
'0.037966300000000','240','DATA','0x00000141','0x8','0x3D0x3E0x3F0x400x410x420x430x44','0x534E','ACK','1645191933.147913'
'0.038271300000000','241','REMOTE','0x07B','0x0','','0x6895','ACK','1645191933.147913'
'0.038318300000000','242','REMOTE','0x00000141','0x0','','0x35BB','ACK','1645191933.147913'
'0.038488300000000','243','DATA','0x07B','0x8','0x3E0x3F0x400x410x420x430x440x45','0x65C2','ACK','1645191933.147913'
'0.038603300000000','244','DATA','0x00000141','0x8','0x3E0x3F0x400x410x420x430x440x45','0x0213','ACK','1645191933.147913'
'0.038907300000000','245','REMOTE','0x07B','0x0','','0x6895','ACK','1645191933.147913'
'0.038954300000000','246','REMOTE','0x00000141','0x0','','0x35BB','ACK','1645191933.147913'
'0.039124300000000','247','DATA','0x07B','0x8','0x3F0x400x410x420x430x440x450x46','0x7984','ACK','1645191933.147913'
'0.039238300000000','248','DATA','0x00000141','0x8','0x3F0x400x410x420x430x440x450x46','0x1E55','ACK','1645191933.147913'
'0.039539300000000','249','REMOTE','0x07B','0x0','','0x6895','ACK','1645191933.147913'
'0.039586300000000','250','REMOTE','0x00000141','0x0','','0x35BB','ACK','1645191933.147913'
'0.039756300000000','251','DATA','0x07B','0x8','0x400x410x420x430x440x450x460x47','0x53FD','ACK','1645191933.147913'
'0.039869300000000','252','DATA','0x00000141','0x8','0x400x410x420x430x440x450x460x47','0x342C','ACK','1645191933.147913'
'0.040165300000000','253','REMOTE','0x07B','0x0','','0x6895','ACK','1645191933.147913'
'0.040212300000000','254','REMOTE','0x00000141','0x0','','0x35BB','ACK','1645191933.147913'
'0.040382300000000','255','DATA','0x07B','0x8','0x410x420x430x440x450x460x470x48','0x1459','ACK','1645191933.147913'
'0.040494300000000','256','DATA','0x00000141','0x8','0x410x420x430x440x450x460x470x48','0x7388','ACK','1645191933.147913'
'0.040789300000000','257','REMOTE','0x07B','0x0','','0x6895','ACK','1645191933.147913'
'0.040836300000000','258','REMOTE','0x00000141','0x0','','0x35BB','ACK','1645191933.147913'
'0.041006300000000','259','DATA','0x07B','0x8','0x420x430x440x450x460x470x480x49','0x5B77','ACK','1645191933.147913'
'0.041116300000000','260','DATA','0x00000141','0x8','0x420x430x440x450x460x470x480x49','0x3CA6','ACK','1645191933.147913'
'0.041408300000000','261','REMOTE','0x07B','0x0','','0x6895','ACK','1645191933.147913'
'0.041455300000000','262','REMOTE','0x00000141','0x0','','0x35BB','ACK','1645191933.147913'
'0.041625300000000','263','DATA','0x07B','0x8','0x430x440x450x460x470x480x490x4A','0x6E40','ACK','1645191933.147913'
'0.041736300000000','264','DATA','0x00000141','0x8','0x430x440x450x460x470x480x490x4A','0x0991','ACK','1645191933.147913'
'0.042028300000000','265','REMOTE','0x07B','0x0','','0x6895','ACK','1645191933.147913'
'0.042075300000000','266','REMOTE','0x00000141','0x0','','0x35BB','ACK','1645191933.147913'
'0.042245300000000','267','DATA','0x07B','0x8','0x440x450x460x470x480x490x4A0x4B','0x25C0','ACK','1645191933.147913'
'0.042356300000000','268','DATA','0x00000141','0x8','0x440x450x460x470x480x490x4A0x4B','0x4211','ACK','1645191933.147913'
'0.042649300000000','269','REMOTE','0x07B','0x0','','0x6895','ACK','1645191933.147913'
'0.042696300000000','270','REMOTE','0x00000141','0x0','','0x35BB','ACK','1645191933.147913'
'0.042866300000000','271','DATA','0x07B','0x8','0x450x460x470x480x490x4A0x4B0x4C','0x3F47','ACK','1645191933.147913'
'0.042977300000000','272','DATA','0x00000141','0x8','0x450x460x470x480x490x4A0x4B0x4C','0x5896','ACK','1645191933.147913'
'0.043269300000000','273','REMOTE','0x07B','0x0','','0x6895','ACK','1645191933.147913'
'0.043316300000000','274','REMOTE','0x00000141','0x0','','0x35BB','ACK','1645191933.147913'
'0.043486300000000','275','DATA','0x07B','0x8','0x460x470x480x490x4A0x4B0x4C0x4D','0x3D6F','ACK','1645191933.147913'
'0.043596300000000','276','DATA','0x00000141','0x8','0x460x470x480x490x4A0x4B0x4C0x4D','0x5ABE','ACK','1645191933.147913'
'0.043891300000000','277','REMOTE','0x07B','0x0','','0x6895','ACK','1645191933.147913'
'0.043938300000000','278','REMOTE','0x00000141','0x0','','0x35BB','ACK','1645191933.147913'
'0.044108300000000','279','DATA','0x07B','0x8','0x470x480x490x4A0x4B0x4C0x4D0x4E','0x3B70','ACK','1645191933.147913'
'0.044218300000000','280','DATA','0x00000141','0x8','0x470x480x490x4A0x4B0x4C0x4D0x4E','0x5CA1','ACK','1645191933.147913'
'0.044511300000000','281','REMOTE','0x07B','0x0','','0x6895','ACK','1645191933.147913'
'0.044558300000000','282','REMOTE','0x00000141','0x0','','0x35BB','ACK','1645191933.147913'
'0.044728300000000','283','DATA','0x07B','0x8','0x480x490x4A0x4B0x4C0x4D0x4E0x4F','0x667F','ACK','1645191933.147913'
'0.044840300000000','284','DATA','0x00000141','0x8','0x480x490x4A0x4B0x4C0x4D0x4E0x4F','0x01AE','ACK','1645191933.147913'
'0.045133300000000','285','REMOTE','0x07B','0x0','','0x6895','ACK','1645191933.147913'
'0.045180300000000','286','REMOTE','0x00000141','0x0','','0x35BB','ACK','1645191933.147913'
'0.045350300000000','287','DATA','0x07B','0x8','0x490x4A0x4B0x4C0x4D0x4E0x4F0x50','0x0C4C','ACK','1645191933.147913'
'0.045461300000000','288','DATA','0x00000141','0x8','0x490x4A0x4B0x4C0x4D0x4E0x4F0x50','0x6B9D','ACK','1645191933.147913'
'0.045754300000000','289','REMOTE','0x07B','0x0','','0x6895','ACK','1645191933.147913'
'0.045801300000000','290','REMOTE','0x00000141','0x0','','0x35BB','ACK','1645191933.147913'
'0.045971300000000','291','DATA','0x07B','0x8','0x4A0x4B0x4C0x4D0x4E0x4F0x500x51','0x7505','ACK','1645191933.147913'
'0.046083300000000','292','DATA','0x00000141','0x8','0x4A0x4B0x4C0x4D0x4E0x4F0x500x51','0x12D4','ACK','1645191933.147913'
'0.046378300000000','293','REMOTE','0x07B','0x0','','0x6895','ACK','1645191933.147913'
'0.046425300000000','294','REMOTE','0x00000141','0x0','','0x35BB','ACK','1645191933.147913'
'0.046595300000000','295','DATA','0x07B','0x8','0x4B0x4C0x4D0x4E0x4F0x500x510x52','0x2311','ACK','1645191933.147913'
'0.046706300000000','296','DATA','0x00000141','0x8','0x4B0x4C0x4D0x4E0x4F0x500x510x52','0x44C0','ACK','1645191933.147913'
'0.047001300000000','297','REMOTE','0x07B','0x0','','0x6895','ACK','1645191933.147913'
'0.047048300000000','298','REMOTE','0x00000141','0x0','','0x35BB','ACK','1645191933.147913'
'0.047218300000000','299','DATA','0x07B','0x8','0x4C0x4D0x4E0x4F0x500x510x520x53','0x0C23','ACK','1645191933.147913'
'0.047329300000000','300','DATA','0x00000141','0x8','0x4C0x4D0x4E0x4F0x500x510x520x53','0x6BF2','ACK','1645191933.147913'
'0.047625300000000','301','REMOTE','0x07B','0x0','','0x6895','ACK','1645191933.147913'
'0.047672300000000','302','REMOTE','0x00000141','0x0','','0x35BB','ACK','1645191933.147913'
'0.047842300000000','303','DATA','0x07B','0x8','0x4D0x4E0x4F0x500x510x520x530x54','0x44EC','ACK','1645191933.147913'
'0.047953300000000','304','DATA','0x00000141','0x8','0x4D0x4E0x4F0x500x510x520x530x54','0x233D','ACK','1645191933.147913'
'0.048249300000000','305','REMOTE','0x07B','0x0','','0x6895','ACK','1645191933.147913'
'0.048296300000000','306','REMOTE','0x00000141','0x0','','0x35BB','ACK','1645191933.147913'
'0.048466300000000','307','DATA','0x07B','0x8','0x4E0x4F0x500x510x520x530x540x55','0x2F36','ACK','1645191933.147913'
'0.048577300000000','308','DATA','0x00000141','0x8','0x4E0x4F0x500x510x520x530x540x55','0x48E7','ACK','1645191933.147913'
'0.048871300000000','309','REMOTE','0x07B','0x0','','0x6895','ACK','1645191933.147913'
'0.048918300000000','310','REMOTE','0x00000141','0x0','','0x35BB','ACK','1645191933.147913'
'0.049088300000000','311','DATA','0x07B','0x8','0x4F0x500x510x520x530x540x550x56','0x2C5A','ACK','1645191933.1489124'
'0.049199300000000','312','DATA','0x00000141','0x8','0x4F0x500x510x520x530x540x550x56','0x4B8B','ACK','1645191933.1489124'
'0.049494300000000','313','REMOTE','0x07B','0x0','','0x6895','ACK','1645191933.1489124'
'0.049541300000000','314','REMOTE','0x00000141','0x0','','0x35BB','ACK','1645191933.1489124'
'0.049711300000000','315','DATA','0x07B','0x8','0x500x510x520x530x540x550x560x57','0x38F9','ACK','1645191933.1489124'
'0.049823300000000','316','DATA','0x00000141','0x8','0x500x510x520x530x540x550x560x57','0x5F28','ACK','1645191933.1489124'
'0.050120300000000','317','REMOTE','0x07B','0x0','','0x6895','ACK','1645191933.1489124'
'0.050167300000000','318','REMOTE','0x00000141','0x0','','0x35BB','ACK','1645191933.1489124'
'0.050337300000000','319','DATA','0x07B','0x8','0x510x520x530x540x550x560x570x58','0x7F5D','ACK','1645191933.1489124'
'0.050448300000000','320','DATA','0x00000141','0x8','0x510x520x530x540x550x560x570x58','0x188C','ACK','1645191933.1489124'
'0.050741300000000','321','REMOTE','0x07B','0x0','','0x6895','ACK','1645191933.1489124'
'0.050788300000000','322','REMOTE','0x00000141','0x0','','0x35BB','ACK','1645191933.1489124'
'0.050958300000000','323','DATA','0x07B','0x8','0x520x530x540x550x560x570x580x59','0x3073','ACK','1645191933.1489124'
'0.051069300000000','324','DATA','0x00000141','0x8','0x520x530x540x550x560x570x580x59','0x57A2','ACK','1645191933.1489124'
'0.051362300000000','325','REMOTE','0x07B','0x0','','0x6895','ACK','1645191933.1489124'
'0.051409300000000','326','REMOTE','0x00000141','0x0','','0x35BB','ACK','1645191933.1489124'
'0.051579300000000','327','DATA','0x07B','0x8','0x530x540x550x560x570x580x590x5A','0x0544','ACK','1645191933.1489124'
'0.051690300000000','328','DATA','0x00000141','0x8','0x530x540x550x560x570x580x590x5A','0x6295','ACK','1645191933.1489124'
'0.051983300000000','329','REMOTE','0x07B','0x0','','0x6895','ACK','1645191933.1489124'
'0.052030300000000','330','REMOTE','0x00000141','0x0','','0x35BB','ACK','1645191933.1489124'
'0.052200300000000','331','DATA','0x07B','0x8','0x540x550x560x570x580x590x5A0x5B','0x4EC4','ACK','1645191933.1489124'
'0.052310300000000','332','DATA','0x00000141','0x8','0x540x550x560x570x580x590x5A0x5B','0x2915','ACK','1645191933.1489124'
'0.052602300000000','333','REMOTE','0x07B','0x0','','0x6895','ACK','1645191933.1489124'
'0.052649300000000','334','REMOTE','0x00000141','0x0','','0x35BB','ACK','1645191933.1489124'
'0.052819300000000','335','DATA','0x07B','0x8','0x550x560x570x580x590x5A0x5B0x5C','0x5443','ACK','1645191933.1489124'
'0.052929300000000','336','DATA','0x00000141','0x8','0x550x560x570x580x590x5A0x5B0x5C','0x3392','ACK','1645191933.1489124'
'0.053222300000000','337','REMOTE','0x07B','0x0','','0x6895','ACK','1645191933.1489124'
'0.053269300000000','338','REMOTE','0x00000141','0x0','','0x35BB','ACK','1645191933.1489124'
'0.053439300000000','339','DATA','0x07B','0x8','0x560x570x580x590x5A0x5B0x5C0x5D','0x566B','ACK','1645191933.1489124'
'0.053549300000000','340','DATA','0x00000141','0x8','0x560x570x580x590x5A0x5B0x5C0x5D','0x31BA','ACK','1645191933.1489124'
'0.053841300000000','341','REMOTE','0x07B','0x0','','0x6895','ACK','1645191933.1489124'
'0.053888300000000','342','REMOTE','0x00000141','0x0','','0x35BB','ACK','1645191933.1489124'
'0.054058300000000','343','DATA','0x07B','0x8','0x570x580x590x5A0x5B0x5C0x5D0x5E','0x5074','ACK','1645191933.1489124'
'0.054169300000000','344','DATA','0x00000141','0x8','0x570x580x590x5A0x5B0x5C0x5D0x5E','0x37A5','ACK','1645191933.1489124'
'0.054462300000000','345','REMOTE','0x07B','0x0','','0x6895','ACK','1645191933.1489124'
'0.054509300000000','346','REMOTE','0x00000141','0x0','','0x35BB','ACK','1645191933.1489124'
'0.054679300000000','347','DATA','0x07B','0x8','0x580x590x5A0x5B0x5C0x5D0x5E0x5F','0x0D7B','ACK','1645191933.1489124'
'0.054790300000000','348','DATA','0x00000141','0x8','0x580x590x5A0x5B0x5C0x5D0x5E0x5F','0x6AAA','ACK','1645191933.1489124'
'0.055085300000000','349','REMOTE','0x07B','0x0','','0x6895','ACK','1645191933.1489124'
'0.055132300000000','350','REMOTE','0x00000141','0x0','','0x35BB','ACK','1645191933.1489124'
'0.055302300000000','351','DATA','0x07B','0x8','0x590x5A0x5B0x5C0x5D0x5E0x5F0x60','0x3C66','ACK','1645191933.1489124'
'0.055414300000000','352','DATA','0x00000141','0x8','0x590x5A0x5B0x5C0x5D0x5E0x5F0x60','0x5BB7','ACK','1645191933.1489124'
'0.055712300000000','353','REMOTE','0x07B','0x0','','0x6895','ACK','1645191933.1489124'
'0.055759300000000','354','REMOTE','0x00000141','0x0','','0x35BB','ACK','1645191933.1489124'
'0.055929300000000','355','DATA','0x07B','0x8','0x5A0x5B0x5C0x5D0x5E0x5F0x600x61','0x29E1','ACK','1645191933.1489124'
'0.056041300000000','356','DATA','0x00000141','0x8','0x5A0x5B0x5C0x5D0x5E0x5F0x600x61','0x4E30','ACK','1645191933.1489124'
'0.056338300000000','357','REMOTE','0x07B','0x0','','0x6895','ACK','1645191933.1489124'
'0.056385300000000','358','REMOTE','0x00000141','0x0','','0x35BB','ACK','1645191933.1489124'
'0.056555300000000','359','DATA','0x07B','0x8','0x5B0x5C0x5D0x5E0x5F0x600x610x62','0x7C2A','ACK','1645191933.1489124'
'0.056669300000000','360','DATA','0x00000141','0x8','0x5B0x5C0x5D0x5E0x5F0x600x610x62','0x1BFB','ACK','1645191933.1489124'
'0.056967300000000','361','REMOTE','0x07B','0x0','','0x6895','ACK','1645191933.1489124'
'0.057014300000000','362','REMOTE','0x00000141','0x0','','0x35BB','ACK','1645191933.1489124'
'0.057184300000000','363','DATA','0x07B','0x8','0x5C0x5D0x5E0x5F0x600x610x620x63','0x5FE5','ACK','1645191933.1489124'
'0.057297300000000','364','DATA','0x00000141','0x8','0x5C0x5D0x5E0x5F0x600x610x620x63','0x3834','ACK','1645191933.1489124'
'0.057594300000000','365','REMOTE','0x07B','0x0','','0x6895','ACK','1645191933.1489124'
'0.057641300000000','366','REMOTE','0x00000141','0x0','','0x35BB','ACK','1645191933.1489124'
'0.057811300000000','367','DATA','0x07B','0x8','0x5D0x5E0x5F0x600x610x620x630x64','0x7623','ACK','1645191933.1489124'
'0.057923300000000','368','DATA','0x00000141','0x8','0x5D0x5E0x5F0x600x610x620x630x64','0x11F2','ACK','1645191933.1489124'
'0.058220300000000','369','REMOTE','0x07B','0x0','','0x6895','ACK','1645191933.1489124'
'0.058267300000000','370','REMOTE','0x00000141','0x0','','0x35BB','ACK','1645191933.1489124'
'0.058437300000000','371','DATA','0x07B','0x8','0x5E0x5F0x600x610x620x630x640x65','0x0B84','ACK','1645191933.1489124'
'0.058549300000000','372','DATA','0x00000141','0x8','0x5E0x5F0x600x610x620x630x640x65','0x6C55','ACK','1645191933.1489124'
'0.058845300000000','373','REMOTE','0x07B','0x0','','0x6895','ACK','1645191933.1489124'
'0.058892300000000','374','REMOTE','0x00000141','0x0','','0x35BB','ACK','1645191933.1489124'
'0.059062300000000','375','DATA','0x07B','0x8','0x5F0x600x610x620x630x640x650x66','0x020E','ACK','1645191933.1489124'
'0.059176300000000','376','DATA','0x00000141','0x8','0x5F0x600x610x620x630x640x650x66','0x65DF','NAK','1645191933.1489124'
'0.059472300000000','377','REMOTE','0x07B','0x0','','0x6895','ACK','1645191933.1489124'
'0.059519300000000','378','REMOTE','0x00000141','0x0','','0x35BB','ACK','1645191933.1489124'
'0.059689300000000','379','DATA','0x07B','0x8','0x600x610x620x630x640x650x660x67','0x406C','ACK','1645191933.1489124'
'0.059801300000000','380','DATA','0x00000141','0x8','0x600x610x620x630x640x650x660x67','0x27BD','ACK','1645191933.1489124'
'0.060096300000000','381','REMOTE','0x07B','0x0','','0x6895','ACK','1645191933.1489124'
'0.060143300000000','382','REMOTE','0x00000141','0x0','','0x35BB','ACK','1645191933.1489124'
'0.060313300000000','383','DATA','0x07B','0x8','0x610x620x630x640x650x660x670x68','0x07C8','ACK','1645191933.1489124'
'0.060425300000000','384','DATA','0x00000141','0x8','0x610x620x630x640x650x660x670x68','0x6019','ACK','1645191933.1489124'
'0.060718300000000','385','REMOTE','0x07B','0x0','','0x6895','ACK','1645191933.1489124'
'0.060765300000000','386','REMOTE','0x00000141','0x0','','0x35BB','ACK','1645191933.1489124'
'0.060935300000000','387','DATA','0x07B','0x8','0x620x630x640x650x660x670x680x69','0x48E6','ACK','1645191933.1489124'
'0.061045300000000','388','DATA','0x00000141','0x8','0x620x630x640x650x660x670x680x69','0x2F37','ACK','1645191933.1489124'
'0.061338300000000','389','REMOTE','0x07B','0x0','','0x6895','ACK','1645191933.1489124'
'0.061385300000000','390','REMOTE','0x00000141','0x0','','0x35BB','ACK','1645191933.1499116'
'0.061555300000000','391','DATA','0x07B','0x8','0x630x640x650x660x670x680x690x6A','0x7DD1','ACK','1645191933.1499116'
'0.061666300000000','392','DATA','0x00000141','0x8','0x630x640x650x660x670x680x690x6A','0x1A00','ACK','1645191933.1499116'
'0.061960300000000','393','REMOTE','0x07B','0x0','','0x6895','ACK','1645191933.1499116'
'0.062007300000000','394','REMOTE','0x00000141','0x0','','0x35BB','ACK','1645191933.1499116'
'0.062177300000000','395','DATA','0x07B','0x8','0x640x650x660x670x680x690x6A0x6B','0x3651','ACK','1645191933.1499116'
'0.062287300000000','396','DATA','0x00000141','0x8','0x640x650x660x670x680x690x6A0x6B','0x5180','ACK','1645191933.1499116'
'0.062581300000000','397','REMOTE','0x07B','0x0','','0x6895','ACK','1645191933.1499116'
'0.062628300000000','398','REMOTE','0x00000141','0x0','','0x35BB','ACK','1645191933.1499116'
'0.062798300000000','399','DATA','0x07B','0x8','0x650x660x670x680x690x6A0x6B0x6C','0x2CD6','ACK','1645191933.1499116'
'0.062908300000000','400','DATA','0x00000141','0x8','0x650x660x670x680x690x6A0x6B0x6C','0x4B07','ACK','1645191933.1499116'
'0.063202300000000','401','REMOTE','0x07B','0x0','','0x6895','ACK','1645191933.1499116'
'0.063249300000000','402','REMOTE','0x00000141','0x0','','0x35BB','ACK','1645191933.1499116'
'0.063419300000000','403','DATA','0x07B','0x8','0x660x670x680x690x6A0x6B0x6C0x6D','0x2EFE','ACK','1645191933.1499116'
'0.063530300000000','404','DATA','0x00000141','0x8','0x660x670x680x690x6A0x6B0x6C0x6D','0x492F','ACK','1645191933.1499116'
'0.063822300000000','405','REMOTE','0x07B','0x0','','0x6895','ACK','1645191933.1499116'
'0.063869300000000','406','REMOTE','0x00000141','0x0','','0x35BB','ACK','1645191933.1499116'
'0.064039300000000','407','DATA','0x07B','0x8','0x670x680x690x6A0x6B0x6C0x6D0x6E','0x28E1','ACK','1645191933.1499116'
'0.064149300000000','408','DATA','0x00000141','0x8','0x670x680x690x6A0x6B0x6C0x6D0x6E','0x4F30','ACK','1645191933.1499116'
'0.064442300000000','409','REMOTE','0x07B','0x0','','0x6895','ACK','1645191933.1499116'
'0.064489300000000','410','REMOTE','0x00000141','0x0','','0x35BB','ACK','1645191933.1499116'
'0.064659300000000','411','DATA','0x07B','0x8','0x680x690x6A0x6B0x6C0x6D0x6E0x6F','0x75EE','ACK','1645191933.1499116'
'0.064770300000000','412','DATA','0x00000141','0x8','0x680x690x6A0x6B0x6C0x6D0x6E0x6F','0x123F','ACK','1645191933.1499116'
'0.065064300000000','413','REMOTE','0x07B','0x0','','0x6895','ACK','1645191933.1499116'
'0.065111300000000','414','REMOTE','0x00000141','0x0','','0x35BB','ACK','1645191933.1499116'
'0.065281300000000','415','DATA','0x07B','0x8','0x690x6A0x6B0x6C0x6D0x6E0x6F0x70','0x1FDD','ACK','1645191933.1499116'
'0.065393300000000','416','DATA','0x00000141','0x8','0x690x6A0x6B0x6C0x6D0x6E0x6F0x70','0x780C','ACK','1645191933.1499116'
'0.065686300000000','417','REMOTE','0x07B','0x0','','0x6895','ACK','1645191933.1499116'
'0.065733300000000','418','REMOTE','0x00000141','0x0','','0x35BB','ACK','1645191933.1499116'
